Company Name,Phone,Email
Napa Impex,+40265315268,office@napa.ro
Catalonia Inox,+40365882240,office@cataloniainox.ro
EEE PL Timișoara,+40256218517,magazin@eee.ro
Sc Macimo Srl,+40744131077,macimo@macimo.ro
Prolecons,+40744556236,office@proelcons.ro
7sensesdesign,+40721222630,office@7sensesdesign.ro
Trutzi,+40752111845,contact@trutzi.ro
Electro Grup SRL,+40260614877,secretariat@electrogrup-sedo.ro
Piatra.com,+40722241319,sales@piatra.com
Fk Lemn,+40748566574,office@lemn-panouri.ro
Vasim Topo,+40744695616,vasim.topo@yahoo.com
Inel SA,+40238710753,office@inelsa.ro
Somaco,+40238718760,office@somaco.ro
Electro Light,+40265208400,comenzi@electrolight.ro
Comtec,+40213233467,sales@comtec-int.ro
HomeVast,+40722306338,office@homevast.ro
Electric Casa,+40720100035,clienti@electriccasa.ro
Dominant Electric,+40265206370,karoly.simon@dominantelectric.ro
Weldmaster,+40744387111,weldmastersrl@gmail.com
Valoris,+40785240320,vanzari@valoriselectric.ro
